{
  "en": {
    "nav.about": "About",
    "nav.pricing": "Pricing",
    "nav.ledger": "Ledger",
    "nav.login": "Login",
    "nav.register": "Register",
    "nav.subscribe": "Subscribe",

    "tabs.safe": "🛡️ Safe-AI",
    "tabs.music": "🎶 Music-AI",
    "tabs.universe": "🌌 Universe",
    "tabs.qpc": "🧠 Hybrid-QPU",
    "tabs.insights": "📈 Transparency",

    "aboutHome.cta_safe": "Ask with mercy, science, philosophy, engineering…",

    "safe.toggle": "🛡 About Safe-AI",
    "safe.about_title": "Abqeri Safe-AI — Interpretable Intelligence with Mercy",
    "safe.about_p1": "Abqeri’s Safe-AI anchors safety at the hardware and algorithmic levels. Decisions are traceable, rules are visible, and outcomes optimize for human dignity and responsibility.",
    "safe.bul1": "Chip-level & algorithmic guardrails — not bolt-on filters.",
    "safe.bul2": "Explainable by default — visible steps and references.",
    "safe.bul3": "Mercy objectives — align with safety for people and society.",
    "safe.bul4": "Local & sustainable — hybrid compute reduces data center burden.",
    "safe.send": "Send",

    "music.toggle": "🎶 About Music-AI",
    "music.about_title": "Abqeri Music-AI — Humane Synthesis",
    "music.about_p1": "Rule-guided composition you can see and teach. Sliders and scales, not black-box tricks.",
    "music.bul1": "Rules visible (scales, tempo, contour).",
    "music.bul2": "Classroom-ready and copyright-safe demo melodies.",
    "music.generate": "Generate",
    "music.play": "Play",
    "music.load": "Load",

    "universe.toggle": "🕊 About this experiment",
    "universe.about_title": "Einstein Was Right — A Hands-On Resolution",
    "universe.quote1": "“God does not play dice with the universe.” — Albert Einstein",
    "universe.howto": "How to use",
    "universe.li1": "N-Body: classical gravity-like baseline.",
    "universe.li2": "Retro-Slit: delayed choice reshapes interference.",
    "universe.li3": "Entanglement: pairs synchronize by time-harmony.",
    "universe.li4": "Eraser: toggle which-path ↔ coherence.",
    "universe.li5": "Harmony: global re-balance when disturbed.",
    "universe.load": "Load",
    "universe.start": "Start",
    "universe.pause": "Pause",
    "universe.reset": "Reset",

    "cta.open_ledger": "Open Public Ledger",
    "cta.open_pricing": "Pricing",

    "about.page_title": "Abqeri — About",
    "about.h1": "Vision & Mission",
    "about.p1": "Abqeri builds safe, interpretable AI and hybrid computing to serve humanity—especially the forgotten and oppressed. We align research with mercy and accountability.",
    "about.zakat_title": "Radically Transparent Financial Model (Zakat-inspired)",
    "about.zakat_p1": "We’re for-profit for the sake of the poor: revenue minus transparent costs → posted in near real time → distributed to vetted NGOs. Salaries are modest and public.",
    "about.start_here": "Start Here",
    "about.run_safe": "Open Safe-AI",
    "about.run_music": "Open Music-AI",
    "about.run_universe": "Run the Universe Simulator",
    "about.run_qpu": "Open Hybrid-QPU (Bell state)",
    "about.invite_title": "A Clear Invitation",
    "about.invite_p1": "To scientists and philosophers: use these tools to resolve century-old paradoxes and help redirect budgets and influence toward the urgent needs of humanity—children, orphans, the vulnerable.",
    "about.einstein_title": "Einstein & the End of Aimless Science",
    "about.einstein_dice": "“God does not play dice with the universe.” — Albert Einstein",
    "about.einstein_end": "(Often attributed) “If we truly understood quantum mechanics, it would be the end of science.” We offer a practical path to that understanding—so discovery can serve compassion.",

    "pricing.title": "Abqeri — Pricing",
    "pricing.h1": "Pricing — Rahma Plans (2-week trial)",
    "pricing.free": "Rahma Free",
    "pricing.free_p": "Basic access to Safe-AI, Music-AI demos, read-only Ledger.",
    "pricing.lite": "Rahma Lite",
    "pricing.lite_p": "More prompts per day, advanced Music-AI presets.",
    "pricing.plus": "Rahma Plus",
    "pricing.plus_p": "Hybrid-QPU demo access (Bell state), priority queue.",
    "pricing.lab": "Rahma Lab",
    "pricing.lab_p": "Research features, API, Universe experiment export.",
    "pricing.institution": "Rahma Institution",
    "pricing.institution_p": "Org seats, compliance, on-prem options.",
    "pricing.patron": "Rahma Patron",
    "pricing.patron_p": "Sponsorships that directly support NGOs via our ledger.",
    "pricing.subscribe_cta": "Start your 2-week trial",

    "ledger.title": "Abqeri — Public Ledger",
    "ledger.h1": "Public Ledger",
    "ledger.note": "Live profit = revenue − (infrastructure + R&D + modest salaries). NGO transfers show within hours; CSV export available.",
    "ledger.rev": "Revenue (30d)",
    "ledger.costs": "Costs (30d)",
    "ledger.profit": "Profit to NGOs",
    "ledger.th_time": "Time (UTC)",
    "ledger.th_type": "Type",
    "ledger.th_desc": "Description",
    "ledger.th_amount": "Amount"
  },

  "ar": {
    "nav.about": "حول",
    "nav.pricing": "الأسعار",
    "nav.ledger": "السجل",
    "nav.login": "تسجيل الدخول",
    "nav.register": "إنشاء حساب",
    "nav.subscribe": "اشترك",

    "tabs.safe": "🛡️ الذكاء الآمن",
    "tabs.music": "🎶 موسيقى-ذكاء",
    "tabs.universe": "🌌 الكون",
    "tabs.qpc": "🧠 المعالج الهجين",
    "tabs.insights": "📈 الشفافية",

    "aboutHome.cta_safe": "اسأل برحمة وعلم وفلسفة وهندسة…",

    "safe.toggle": "🛡 عن الذكاء الآمن",
    "safe.about_title": "أبقري — ذكاء آمن قابل للتفسير برحمة",
    "safe.about_p1": "نثبت الأمان على مستوى العتاد والخوارزميات. القرارات قابلة للتتبع، والقواعد ظاهرة، والنتائج تصون كرامة الإنسان ومسؤوليته.",
    "safe.bul1": "حواجز أمان على مستوى العتاد والخوارزم — ليست مرشحات لاحقة.",
    "safe.bul2": "قابل للتفسير افتراضياً — خطوات وأسباب ظاهرة.",
    "safe.bul3": "أهداف الرحمة — توافق مع سلامة الناس والمجتمع.",
    "safe.bul4": "محلي ومستدام — حوسبة هجينة تخفف عبء مراكز البيانات.",
    "safe.send": "إرسال",

    "music.toggle": "🎶 عن موسيقى-ذكاء",
    "music.about_title": "أبقري موسيقى-ذكاء — توليف إنساني",
    "music.about_p1": "تأليف موجّه بالقواعد تراه وتدرّسه. مقاييس وسلالم، لا صندوق أسود.",
    "music.bul1": "القواعد ظاهرة (السلم الموسيقي، الإيقاع، الشكل).",
    "music.bul2": "مناسب للتعليم ومقاطع تجريبية آمنة الحقوق.",
    "music.generate": "توليد",
    "music.play": "تشغيل",
    "music.load": "تحميل",

    "universe.toggle": "🕊 عن هذه التجربة",
    "universe.about_title": "كان أينشتاين على حق — حل عملي باليد",
    "universe.quote1": "«الله لا يلعب بالنرد مع الكون». — ألبرت أينشتاين",
    "universe.howto": "طريقة الاستخدام",
    "universe.li1": "أنظمة متعددة الأجسام: مرجع كلاسيكي.",
    "universe.li2": "شقان رجعيان: الخيار المؤجل يعيد تشكيل التداخل.",
    "universe.li3": "التشابك: الأزواج تتزامن بتناغم زمني.",
    "universe.li4": "الممحاة: التبديل بين أيّ مسار ↔ التماسك.",
    "universe.li5": "التناغم: إعادة توازن عالمية عند الاضطراب.",
    "universe.load": "تحميل",
    "universe.start": "ابدأ",
    "universe.pause": "إيقاف مؤقت",
    "universe.reset": "إعادة ضبط",

    "cta.open_ledger": "فتح السجل العام",
    "cta.open_pricing": "الأسعار",

    "about.page_title": "أبقري — حول",
    "about.h1": "الرؤية والرسالة",
    "about.p1": "يبني أبقري ذكاءً آمناً قابلاً للتفسير وحوسبة هجينة لخدمة الإنسانية — خصوصاً المنسيين والمظلومين. نربط البحث بالرحمة والمحاسبة.",
    "about.zakat_title": "نموذج مالي شفاف جذرياً (مستوحى من الزكاة)",
    "about.zakat_p1": "نحن للربح لأجل الفقراء: الإيراد ناقص التكاليف الشفافة → يُنشر لحظياً تقريباً → يُحوّل لمنظمات موثوقة. الرواتب متواضعة وعلنية.",
    "about.start_here": "ابدأ هنا",
    "about.run_safe": "افتح الذكاء الآمن",
    "about.run_music": "افتح موسيقى-ذكاء",
    "about.run_universe": "شغّل محاكي الكون",
    "about.run_qpu": "افتح المعالج الهجين (حالة بيل)",
    "about.invite_title": "دعوة واضحة",
    "about.invite_p1": "للعلماء والفلاسفة: استخدموا هذه الأدوات لحل مفارقات قرنٍ كامل، ثم وجّهوا الميزانيات والتأثير إلى حاجات الإنسانية الملحّة — الأطفال والأيتام والضعفاء.",
    "about.einstein_title": "أينشتاين ونهاية العلم بلا وجهة",
    "about.einstein_dice": "«الله لا يلعب بالنرد مع الكون». — ألبرت أينشتاين",
    "about.einstein_end": "(منسوبة غالباً) «لو فهمنا ميكانيكا الكم حقاً لكانت نهاية العلم». نقدّم طريقاً عملياً لهذا الفهم — كي تخدم الاكتشافات الرحمة.",

    "pricing.title": "أبقري — الأسعار",
    "pricing.h1": "الأسعار — باقات رحمة (تجربة أسبوعين)",
    "pricing.free": "رحمة مجاناً",
    "pricing.free_p": "دخول أساسي للذكاء الآمن وموسيقى-ذكاء وسجل القراءة فقط.",
    "pricing.lite": "رحمة لايت",
    "pricing.lite_p": "مطالبات أكثر يومياً وإعدادات موسيقية متقدمة.",
    "pricing.plus": "رحمة بلس",
    "pricing.plus_p": "وصول تجريبي للمعالج الهجين (حالة بيل) وأولوية الدور.",
    "pricing.lab": "رحمة لاب",
    "pricing.lab_p": "ميزات بحثية وواجهة برمجة وتصدير تجارب الكون.",
    "pricing.institution": "رحمة مؤسسة",
    "pricing.institution_p": "حسابات مؤسساتية وتوافقية وخيارات داخلية.",
    "pricing.patron": "رحمة داعم",
    "pricing.patron_p": "رعايات تدعم الجمعيات مباشرة عبر سجلّنا.",
    "pricing.subscribe_cta": "ابدأ تجربة الأسبوعين",

    "ledger.title": "أبقري — السجل العام",
    "ledger.h1": "السجل العام",
    "ledger.note": "الربح الحي = الإيراد − (البنية + البحث والتطوير + رواتب متواضعة). التحويلات للجهات الخيرية تظهر خلال ساعات. متاح تصدير CSV.",
    "ledger.rev": "الإيراد (30 يوماً)",
    "ledger.costs": "التكاليف (30 يوماً)",
    "ledger.profit": "الربح للجهات الخيرية",
    "ledger.th_time": "الوقت (UTC)",
    "ledger.th_type": "النوع",
    "ledger.th_desc": "الوصف",
    "ledger.th_amount": "المبلغ"
  },

  "ru": {
    "nav.about": "О проекте",
    "nav.pricing": "Тарифы",
    "nav.ledger": "Реестр",
    "nav.login": "Войти",
    "nav.register": "Регистрация",
    "nav.subscribe": "Подписка",

    "tabs.safe": "🛡️ Безопасный ИИ",
    "tabs.music": "🎶 Музыкальный ИИ",
    "tabs.universe": "🌌 Вселенная",
    "tabs.qpc": "🧠 Гибридный QPU",
    "tabs.insights": "📈 Прозрачность",

    "aboutHome.cta_safe": "Спросите с милосердием, наукой, философией, инженерией…",

    "safe.toggle": "🛡 О безопасном ИИ",
    "safe.about_title": "Abqeri Safe-AI — интерпретируемый интеллект с милосердием",
    "safe.about_p1": "Безопасность закреплена на уровне железа и алгоритмов. Решения отслеживаемы, правила видимы, цель — достоинство человека.",
    "safe.bul1": "Защита на уровне железа и алгоритмов — не надстройки.",
    "safe.bul2": "Объяснимость по умолчанию — видимые шаги и ссылки.",
    "safe.bul3": "Цели милосердия — безопасность людей и общества.",
    "safe.bul4": "Локально и устойчиво — гибрид снижает нагрузку дата-центров.",
    "safe.send": "Отправить",

    "music.toggle": "🎶 О музыкальном ИИ",
    "music.about_title": "Abqeri Music-AI — человечный синтез",
    "music.about_p1": "Композиция по правилам, которую видно и легко преподавать. Ползунки и лады — не «чёрный ящик».",
    "music.bul1": "Правила видимы (лад, темп, контур).",
    "music.bul2": "Подходит для обучения, демо-мелодии без рисков.",
    "music.generate": "Сгенерировать",
    "music.play": "Играть",
    "music.load": "Загрузить",

    "universe.toggle": "🕊 Об эксперименте",
    "universe.about_title": "Эйнштейн был прав — практическое решение",
    "universe.quote1": "«Бог не играет в кости со Вселенной». — Альберт Эйнштейн",
    "universe.howto": "Как пользоваться",
    "universe.li1": "N-тел: классическая база.",
    "universe.li2": "Задержанный выбор меняет интерференцию.",
    "universe.li3": "Запутанность: пары синхронизируются по «временной гармонии».",
    "universe.li4": "Ластик: какой-путь ↔ когерентность.",
    "universe.li5": "Гармония: глобальная перебалансировка при возмущении.",
    "universe.load": "Загрузить",
    "universe.start": "Старт",
    "universe.pause": "Пауза",
    "universe.reset": "Сброс",

    "cta.open_ledger": "Открыть публичный реестр",
    "cta.open_pricing": "Тарифы",

    "about.page_title": "Abqeri — О проекте",
    "about.h1": "Видение и миссия",
    "about.p1": "Abqeri создаёт безопасный, интерпретируемый ИИ и гибридные вычисления на благо человечества — особенно забытых и угнетённых.",
    "about.zakat_title": "Радикально прозрачная модель (вдохновлена закятом)",
    "about.zakat_p1": "Мы коммерческие ради бедных: выручка минус прозрачные расходы → публикуется почти в реальном времени → переводится проверенным НКО.",
    "about.start_here": "С чего начать",
    "about.run_safe": "Открыть Safe-AI",
    "about.run_music": "Открыть Music-AI",
    "about.run_universe": "Запустить симулятор Вселенной",
    "about.run_qpu": "Открыть гибридный QPU (состояние Белла)",
    "about.invite_title": "Ясное приглашение",
    "about.invite_p1": "Учёным и философам: используйте эти инструменты, чтобы закрыть вековые парадоксы и направить ресурсы к насущным человеческим нуждам.",
    "about.einstein_title": "Эйнштейн и конец бессмысленной науки",
    "about.einstein_dice": "«Бог не играет в кости со Вселенной». — А. Эйнштейн",
    "about.einstein_end": "(Часто приписывают) «Если бы мы по-настоящему поняли квантовую механику, это был бы конец науки». Мы предлагаем практический путь к этому пониманию.",

    "pricing.title": "Abqeri — Тарифы",
    "pricing.h1": "Тарифы — планы Rahma (2 недели бесплатно)",
    "pricing.free": "Rahma Free",
    "pricing.free_p": "Базовый доступ к Safe-AI, демо Music-AI, реестр только для чтения.",
    "pricing.lite": "Rahma Lite",
    "pricing.lite_p": "Больше запросов в день, расширенные пресеты Music-AI.",
    "pricing.plus": "Rahma Plus",
    "pricing.plus_p": "Демо-доступ к гибридному QPU (состояние Белла), приоритетная очередь.",
    "pricing.lab": "Rahma Lab",
    "pricing.lab_p": "Исследовательские функции, API, экспорт экспериментов Вселенной.",
    "pricing.institution": "Rahma Institution",
    "pricing.institution_p": "Командные лицензии, комплаенс, on-prem.",
    "pricing.patron": "Rahma Patron",
    "pricing.patron_p": "Спонсорство, напрямую поддерживающее НКО.",
    "pricing.subscribe_cta": "Начать 2-недельный пробный период",

    "ledger.title": "Abqeri — Публичный реестр",
    "ledger.h1": "Публичный реестр",
    "ledger.note": "Прибыль = выручка − (инфраструктура + R&D + скромные зарплаты). Переводы НКО появляются в течение часов.",
    "ledger.rev": "Выручка (30д)",
    "ledger.costs": "Расходы (30д)",
    "ledger.profit": "Прибыль НКО",
    "ledger.th_time": "Время (UTC)",
    "ledger.th_type": "Тип",
    "ledger.th_desc": "Описание",
    "ledger.th_amount": "Сумма"
  },

  "zh": {
    "nav.about": "关于",
    "nav.pricing": "定价",
    "nav.ledger": "账本",
    "nav.login": "登录",
    "nav.register": "注册",
    "nav.subscribe": "订阅",

    "tabs.safe": "🛡️ 安全AI",
    "tabs.music": "🎶 音乐AI",
    "tabs.universe": "🌌 宇宙",
    "tabs.qpc": "🧠 混合QPU",
    "tabs.insights": "📈 透明",

    "aboutHome.cta_safe": "以仁慈、科学、哲学与工程来提问…",

    "safe.toggle": "🛡 关于安全AI",
    "safe.about_title": "Abqeri 安全AI —— 可解释且以仁慈为本",
    "safe.about_p1": "在硬件与算法层面内置安全。决策可追溯、规则可见，结果以人的尊严与责任为目标。",
    "safe.bul1": "硬件+算法护栏——不是事后过滤。",
    "safe.bul2": "默认可解释——步骤与依据可见。",
    "safe.bul3": "仁慈目标——优先人类与社会安全。",
    "safe.bul4": "本地且可持续——混合计算降低机房负担。",
    "safe.send": "发送",

    "music.toggle": "🎶 关于音乐AI",
    "music.about_title": "Abqeri 音乐AI —— 人性化合成",
    "music.about_p1": "可见并可教学的规则驱动作曲。滑块与音阶，而非黑箱把戏。",
    "music.bul1": "规则可见（音阶、节奏、走向）。",
    "music.bul2": "课堂友好、演示旋律无版权风险。",
    "music.generate": "生成",
    "music.play": "播放",
    "music.load": "载入",

    "universe.toggle": "🕊 关于本实验",
    "universe.about_title": "爱因斯坦是对的 —— 动手式解决",
    "universe.quote1": "“上帝不会与宇宙掷骰子。”——爱因斯坦",
    "universe.howto": "如何使用",
    "universe.li1": "多体：经典引力基线。",
    "universe.li2": "延迟选择：重塑干涉图样。",
    "universe.li3": "纠缠：配对以“时间和谐”同步。",
    "universe.li4": "擦除：哪条路径 ↔ 相干性。",
    "universe.li5": "和谐：受扰后的全局再平衡。",
    "universe.load": "载入",
    "universe.start": "开始",
    "universe.pause": "暂停",
    "universe.reset": "重置",

    "cta.open_ledger": "打开公共账本",
    "cta.open_pricing": "定价",

    "about.page_title": "Abqeri — 关于",
    "about.h1": "愿景与使命",
    "about.p1": "Abqeri 构建安全可解释的 AI 与混合计算，服务人类，尤其被遗忘和受压迫的人群。",
    "about.zakat_title": "激进透明的财务模型（受天课启发）",
    "about.zakat_p1": "为穷人而盈利：收入 − 透明成本 → 近实时公示 → 汇至可信慈善机构。薪资适度且公开。",
    "about.start_here": "从这里开始",
    "about.run_safe": "打开安全AI",
    "about.run_music": "打开音乐AI",
    "about.run_universe": "运行宇宙模拟器",
    "about.run_qpu": "打开混合 QPU（贝尔态）",
    "about.invite_title": "明确的邀请",
    "about.invite_p1": "致科学家与哲学家：用这些工具化解百年悖论，把资源与影响力引向人类的紧迫需求。",
    "about.einstein_title": "爱因斯坦与“无目的”的科学之终结",
    "about.einstein_dice": "“上帝不会与宇宙掷骰子。”——爱因斯坦",
    "about.einstein_end": "（常被引述）“若真正理解量子力学，那将是科学的终结。” 我们提供通往理解的实践路径。",

    "pricing.title": "Abqeri — 定价",
    "pricing.h1": "定价 — Rahma 方案（两周试用）",
    "pricing.free": "Rahma 免费",
    "pricing.free_p": "基本访问：安全AI、音乐AI演示，只读账本。",
    "pricing.lite": "Rahma 轻量",
    "pricing.lite_p": "更多每日请求，高级音乐AI预设。",
    "pricing.plus": "Rahma 高级",
    "pricing.plus_p": "混合QPU演示（贝尔态），优先队列。",
    "pricing.lab": "Rahma 实验室",
    "pricing.lab_p": "研究功能、API、宇宙实验导出。",
    "pricing.institution": "Rahma 机构",
    "pricing.institution_p": "团队席位、合规、本地化部署。",
    "pricing.patron": "Rahma 赞助",
    "pricing.patron_p": "赞助直接通过账本支持慈善机构。",
    "pricing.subscribe_cta": "开始两周试用",

    "ledger.title": "Abqeri — 公共账本",
    "ledger.h1": "公共账本",
    "ledger.note": "实时利润 = 收入 −（基础设施 + 研发 + 适度薪资）。向慈善机构转账会在数小时内显示。",
    "ledger.rev": "收入（30天）",
    "ledger.costs": "成本（30天）",
    "ledger.profit": "利润→慈善",
    "ledger.th_time": "时间（UTC）",
    "ledger.th_type": "类型",
    "ledger.th_desc": "说明",
    "ledger.th_amount": "金额"
  }
}
